{"cameraMode":{"drawMode":0,"name":"Shaded","section":"Shading Mode"},"sceneLighting":false,"audioPlay":false,"sceneViewState":{"m_AlwaysRefresh":false,"showFog":true,"showSkybox":false,"showFlares":true,"showImageEffects":true,"showParticleSystems":true,"showVisualEffectGraphs":true,"m_FxEnabled":true},"in2DMode":false,"pivot":{"x":-0.45909929275512698,"y":4.390534400939941,"z":8.767976760864258},"rotation":{"x":0.38199540972709658,"y":0.04294448718428612,"z":-0.01778731495141983,"w":0.9230043888092041},"size":8.408538818359375,"orthographic":false}